Lk,Rl,x,y
100,1,0.0,5.919259e-07
100,1,1.0063107199787383e-09,5.919259e-07
100,1,2.030310719978806e-09,5.919259e-07
100,1,3.0543107199786967e-09,5.919259e-07
100,1,4.078310719978734e-09,5.919259e-07
100,1,5.102310719979048e-09,5.919259e-07
100,1,6.126310719979362e-09,5.919259e-07
100,1,7.150310719979676e-09,5.919259e-07
100,1,8.174310719979392e-09,5.919259e-07
100,1,9.198310719978859e-09,5.919259e-07
100,1,1e-08,5.919259e-07
100,1,1.00009999900001e-08,9.264666e-07
100,1,1.00019999800012e-08,1.2613397e-06
100,1,1.0008119973802807e-08,3.2893504e-06
100,1,1.0014239967604414e-08,5.214427e-06
100,1,1.0031239967604405e-08,9.527849e-06
100,1,1.0048239967604397e-08,1.2216592e-05
100,1,1.006223996760439e-08,1.3514017e-05
100,1,1.0076239967604382e-08,1.4289728e-05
100,1,1.0095239967604372e-08,1.4860543e-05
100,1,1.0114239967604362e-08,1.51343565e-05
100,1,1.0125239967604356e-08,1.5192024e-05
100,1,1.013623996760435e-08,1.518843e-05
100,1,1.0211239967604312e-08,1.5177368e-05
100,1,1.1235239967603779e-08,1.5027324e-05
100,1,1.2259239967603246e-08,1.4879095e-05
100,1,1.3283239967602713e-08,1.4732662e-05
100,1,1.430723996760218e-08,1.4588005e-05
100,1,1.533123996760236e-08,1.4445105e-05
100,1,1.635523996760352e-08,1.43039415e-05
100,1,1.7379239967604682e-08,1.4164494e-05
100,1,1.8403239967605843e-08,1.4026744e-05
100,1,1.9427239967607005e-08,1.3890671e-05
100,1,2.0451239967608166e-08,1.3756254e-05
100,1,2.1475239967609327e-08,1.3623475e-05
100,1,2.2499239967610488e-08,1.3492312e-05
100,1,2.352323996761165e-08,1.3362747e-05
100,1,2.454723996761281e-08,1.323476e-05
100,1,2.557123996761397e-08,1.3108332e-05
100,1,2.6595239967615133e-08,1.2983442e-05
100,1,2.7619239967616294e-08,1.28600705e-05
100,1,2.8643239967617455e-08,1.27382e-05
100,1,2.9667239967618616e-08,1.2617809e-05
100,1,3.0691239967619774e-08,1.2498881e-05
100,1,3.1715239967620935e-08,1.2381396e-05
100,1,3.2739239967622096e-08,1.2265335e-05
100,1,3.376323996762326e-08,1.2150679e-05
100,1,3.478723996762442e-08,1.2037411e-05
100,1,3.581123996762558e-08,1.1925511e-05
100,1,3.683523996762674e-08,1.1814962e-05
100,1,3.78592399676279e-08,1.1705746e-05
100,1,3.888323996762906e-08,1.1597845e-05
100,1,3.9907239967630224e-08,1.1491241e-05
100,1,4.0931239967631385e-08,1.1385918e-05
100,1,4.1955239967632546e-08,1.1281857e-05
100,1,4.297923996763371e-08,1.1179042e-05
100,1,4.400323996763487e-08,1.1077456e-05
100,1,4.502723996763603e-08,1.0977083e-05
100,1,4.605123996763719e-08,1.0877905e-05
100,1,4.707523996763835e-08,1.0779907e-05
100,1,4.809923996763951e-08,1.0683072e-05
100,1,4.9123239967640674e-08,1.0587385e-05
100,1,5.0147239967641835e-08,1.04928295e-05
100,1,5.1171239967642996e-08,1.0399391e-05
100,1,5.219523996764416e-08,1.0307053e-05
100,1,5.321923996764532e-08,1.0215802e-05
100,1,5.424323996764648e-08,1.0125622e-05
100,1,5.526723996764764e-08,1.0036498e-05
100,1,5.62912399676488e-08,9.948416e-06
100,1,5.731523996764996e-08,9.861362e-06
100,1,5.8339239967651124e-08,9.775321e-06
100,1,5.9363239967652286e-08,9.6902795e-06
100,1,6.038723996765345e-08,9.606224e-06
100,1,6.141123996765461e-08,9.523141e-06
100,1,6.243523996765577e-08,9.441016e-06
100,1,6.345923996765693e-08,9.359837e-06
100,1,6.448323996765809e-08,9.279592e-06
100,1,6.550723996765925e-08,9.200265e-06
100,1,6.653123996766041e-08,9.121846e-06
100,1,6.755523996766157e-08,9.044322e-06
100,1,6.857923996766274e-08,8.96768e-06
100,1,6.96032399676639e-08,8.891908e-06
100,1,7.062723996766506e-08,8.8169945e-06
100,1,7.165123996766622e-08,8.742928e-06
100,1,7.267523996766738e-08,8.669697e-06
100,1,7.369923996766854e-08,8.59729e-06
100,1,7.47232399676697e-08,8.525694e-06
100,1,7.574723996767086e-08,8.4549e-06
100,1,7.677123996767202e-08,8.384897e-06
100,1,7.779523996767319e-08,8.315673e-06
100,1,7.881923996767435e-08,8.247219e-06
100,1,7.984323996767551e-08,8.179522e-06
100,1,8.086723996767667e-08,8.112575e-06
100,1,8.189123996767783e-08,8.046366e-06
100,1,8.291523996767899e-08,7.980885e-06
100,1,8.393923996768015e-08,7.916123e-06
100,1,8.496323996768131e-08,7.852069e-06
100,1,8.598723996768248e-08,7.788714e-06
100,1,8.701123996768364e-08,7.726049e-06
100,1,8.80352399676848e-08,7.664065e-06
100,1,8.905923996768596e-08,7.602753e-06
100,1,9.008323996768712e-08,7.5421035e-06
100,1,9.110723996768828e-08,7.4821073e-06
100,1,9.213123996768944e-08,7.422756e-06
100,1,9.31552399676906e-08,7.3640413e-06
100,1,9.417923996769176e-08,7.3059546e-06
100,1,9.520323996769293e-08,7.2484877e-06
100,1,9.622723996769409e-08,7.191632e-06
100,1,9.725123996769525e-08,7.13538e-06
100,1,9.827523996769641e-08,7.0797237e-06
100,1,9.929923996769757e-08,7.0246547e-06
100,1,1.0032323996769873e-07,6.970166e-06
100,1,1.0134723996769989e-07,6.9162497e-06
100,1,1.0237123996770105e-07,6.8628983e-06
100,1,1.0339523996770221e-07,6.8101044e-06
100,1,1.0441923996770338e-07,6.757861e-06
100,1,1.0544323996770454e-07,6.7061605e-06
100,1,1.064672399677057e-07,6.6549965e-06
100,1,1.0749123996770686e-07,6.6043617e-06
100,1,1.0851523996770802e-07,6.5542495e-06
100,1,1.0953923996770918e-07,6.504653e-06
100,1,1.1055719996800097e-07,6.4558535e-06
100,1,1.1158119996800214e-07,6.407266e-06
100,1,1.126051999680033e-07,6.3591747e-06
100,1,1.1362919996800446e-07,6.311573e-06
100,1,1.1465319996800562e-07,6.2644554e-06
100,1,1.1567719996800678e-07,6.217815e-06
100,1,1.1670119996800794e-07,6.1716464e-06
100,1,1.177251999680091e-07,6.1259434e-06
100,1,1.1874919996801026e-07,6.0807e-06
100,1,1.197731999680114e-07,6.0359107e-06
100,1,1.2079719996801257e-07,5.99157e-06
100,1,1.2182119996801373e-07,5.9476715e-06
100,1,1.228451999680149e-07,5.9042104e-06
100,1,1.2386919996801606e-07,5.8611813e-06
100,1,1.2489319996801722e-07,5.8185783e-06
100,1,1.2591719996801838e-07,5.7763964e-06
100,1,1.2694119996801954e-07,5.7346306e-06
100,1,1.279651999680207e-07,5.6932754e-06
100,1,1.2898919996802186e-07,5.6523263e-06
100,1,1.3001319996802302e-07,5.611778e-06
100,1,1.3103719996802418e-07,5.571625e-06
100,1,1.3206119996802534e-07,5.5318637e-06
100,1,1.330851999680265e-07,5.4924885e-06
100,1,1.3410919996802767e-07,5.453495e-06
100,1,1.3513319996802883e-07,5.4148786e-06
100,1,1.3615719996803e-07,5.3766344e-06
100,1,1.3718119996803115e-07,5.3387585e-06
100,1,1.382051999680323e-07,5.3012463e-06
100,1,1.3922919996803347e-07,5.264093e-06
100,1,1.4025319996803463e-07,5.227295e-06
100,1,1.412771999680358e-07,5.1908473e-06
100,1,1.4230119996803696e-07,5.1547463e-06
100,1,1.4332519996803812e-07,5.1189877e-06
100,1,1.4434919996803928e-07,5.083568e-06
100,1,1.4537319996804044e-07,5.048482e-06
100,1,1.463971999680416e-07,5.013727e-06
100,1,1.4742119996804276e-07,4.979298e-06
100,1,1.4844519996804392e-07,4.9451924e-06
100,1,1.4946919996804508e-07,4.9114055e-06
100,1,1.5049319996804625e-07,4.877934e-06
100,1,1.515171999680474e-07,4.844774e-06
100,1,1.5254119996804857e-07,4.8119223e-06
100,1,1.5356519996804973e-07,4.7793746e-06
100,1,1.545891999680509e-07,4.7471285e-06
100,1,1.5561319996805205e-07,4.7151793e-06
100,1,1.566371999680532e-07,4.6835244e-06
100,1,1.5766119996805437e-07,4.6521604e-06
100,1,1.5868519996805553e-07,4.621084e-06
100,1,1.597091999680567e-07,4.590291e-06
100,1,1.6073319996805786e-07,4.5597794e-06
100,1,1.6175719996805902e-07,4.5295455e-06
100,1,1.6278119996806018e-07,4.4995863e-06
100,1,1.6380519996806134e-07,4.4698986e-06
100,1,1.648291999680625e-07,4.440479e-06
100,1,1.6585319996806366e-07,4.4113253e-06
100,1,1.6687719996806482e-07,4.382434e-06
100,1,1.6790119996806598e-07,4.3538025e-06
100,1,1.6892519996806715e-07,4.325427e-06
100,1,1.699491999680683e-07,4.297306e-06
100,1,1.7097319996806947e-07,4.2694355e-06
100,1,1.7199719996807063e-07,4.2418137e-06
100,1,1.730211999680718e-07,4.214437e-06
100,1,1.7404519996807295e-07,4.1873036e-06
100,1,1.750691999680741e-07,4.16041e-06
100,1,1.7609319996807527e-07,4.133754e-06
100,1,1.7711719996807643e-07,4.107333e-06
100,1,1.781411999680776e-07,4.0811447e-06
100,1,1.7916519996807876e-07,4.055186e-06
100,1,1.8018919996807992e-07,4.0294544e-06
100,1,1.8121319996808108e-07,4.003948e-06
100,1,1.8223719996808224e-07,3.978664e-06
100,1,1.832611999680834e-07,3.9536008e-06
100,1,1.8428519996808456e-07,3.9287547e-06
100,1,1.8530919996808572e-07,3.9041242e-06
100,1,1.8633319996808688e-07,3.879707e-06
100,1,1.8735719996808805e-07,3.8555004e-06
100,1,1.883811999680892e-07,3.831503e-06
100,1,1.8940519996809037e-07,3.8077114e-06
100,1,1.9042919996809153e-07,3.7841244e-06
100,1,1.914531999680927e-07,3.7607394e-06
100,1,1.9247719996809385e-07,3.7375544e-06
100,1,1.93501199968095e-07,3.7145674e-06
100,1,1.9452519996809617e-07,3.691776e-06
100,1,1.9554919996809734e-07,3.6691788e-06
100,1,1.965731999680985e-07,3.646773e-06
100,1,1.9759719996809966e-07,3.6245572e-06
100,1,1.9862119996810082e-07,3.6025292e-06
100,1,1.9964519996810198e-07,3.580687e-06
100,1,2.0066919996810314e-07,3.5590288e-06
100,1,2.016931999681043e-07,3.5375526e-06
100,1,2.0271719996810546e-07,3.5162568e-06
100,1,2.0374119996810662e-07,3.4951393e-06
100,1,2.0476519996810779e-07,3.4741981e-06
100,1,2.0578919996810895e-07,3.453432e-06
100,1,2.068131999681101e-07,3.4328386e-06
100,1,2.0783719996811127e-07,3.4124166e-06
100,1,2.0886119996811243e-07,3.3921642e-06
100,1,2.098851999681136e-07,3.3720794e-06
100,1,2.1090919996811475e-07,3.3521608e-06
100,1,2.119331999681159e-07,3.3324065e-06
100,1,2.1295719996811707e-07,3.3128151e-06
100,1,2.1398119996811824e-07,3.293385e-06
100,1,2.150051999681194e-07,3.2741143e-06
100,1,2.1602919996812056e-07,3.2550015e-06
100,1,2.1705319996812172e-07,3.2360451e-06
100,1,2.1807719996812288e-07,3.2172436e-06
100,1,2.1910119996812404e-07,3.1985956e-06
100,1,2.201251999681252e-07,3.1800992e-06
100,1,2.2114919996812636e-07,3.161753e-06
100,1,2.2217319996812752e-07,3.143556e-06
100,1,2.2319719996812869e-07,3.125506e-06
100,1,2.2422119996812985e-07,3.1076022e-06
100,1,2.25245199968131e-07,3.089843e-06
100,1,2.2626919996813217e-07,3.0722267e-06
100,1,2.2729319996813333e-07,3.0547524e-06
100,1,2.283171999681345e-07,3.037418e-06
100,1,2.2934119996813565e-07,3.0202232e-06
100,1,2.3036519996813681e-07,3.0031656e-06
100,1,2.3138919996813797e-07,2.9862447e-06
100,1,2.3241319996813914e-07,2.9694586e-06
100,1,2.334371999681403e-07,2.9528062e-06
100,1,2.3446119996814146e-07,2.9362864e-06
100,1,2.3548519996814262e-07,2.919898e-06
100,1,2.3650919996814378e-07,2.9036391e-06
100,1,2.3753319996814494e-07,2.8875093e-06
100,1,2.3855719996814245e-07,2.871507e-06
100,1,2.395811999681165e-07,2.8556308e-06
100,1,2.4060519996809056e-07,2.8398797e-06
100,1,2.416291999680646e-07,2.8242525e-06
100,1,2.426531999680387e-07,2.8087484e-06
100,1,2.4367719996801273e-07,2.7933656e-06
100,1,2.447011999679868e-07,2.7781034e-06
100,1,2.4572519996796084e-07,2.7629605e-06
100,1,2.467491999679349e-07,2.747936e-06
100,1,2.4777319996790895e-07,2.7330286e-06
100,1,2.48797199967883e-07,2.7182373e-06
100,1,2.4982119996785707e-07,2.7035608e-06
100,1,2.508451999678311e-07,2.6889984e-06
100,1,2.518691999678052e-07,2.6745488e-06
100,1,2.5289319996777923e-07,2.660211e-06
100,1,2.539171999677533e-07,2.645984e-06
100,1,2.5494119996772735e-07,2.631867e-06
100,1,2.559651999677014e-07,2.6178586e-06
100,1,2.5698919996767546e-07,2.6039581e-06
100,1,2.580131999676495e-07,2.5901645e-06
100,1,2.5903719996762357e-07,2.5764766e-06
100,1,2.6006119996759763e-07,2.5628938e-06
100,1,2.610851999675717e-07,2.5494146e-06
100,1,2.6210919996754574e-07,2.5360387e-06
100,1,2.631331999675198e-07,2.5227648e-06
100,1,2.6415719996749385e-07,2.509592e-06
100,1,2.651811999674679e-07,2.4965195e-06
100,1,2.6620519996744196e-07,2.4835463e-06
100,1,2.67229199967416e-07,2.4706717e-06
100,1,2.682531999673901e-07,2.4578947e-06
100,1,2.6927719996736413e-07,2.4452142e-06
100,1,2.703011999673382e-07,2.4326298e-06
100,1,2.7132519996731224e-07,2.4201402e-06
100,1,2.723491999672863e-07,2.407745e-06
100,1,2.7337319996726036e-07,2.3954428e-06
100,1,2.743971999672344e-07,2.3832333e-06
100,1,2.7542119996720847e-07,2.3711157e-06
100,1,2.764451999671825e-07,2.3590887e-06
100,1,2.774691999671566e-07,2.3471518e-06
100,1,2.7849319996713064e-07,2.3353043e-06
100,1,2.795171999671047e-07,2.3235455e-06
100,1,2.8054119996707875e-07,2.3118741e-06
100,1,2.815651999670528e-07,2.30029e-06
100,1,2.8258919996702686e-07,2.288792e-06
100,1,2.836131999670009e-07,2.2773795e-06
100,1,2.8463719996697497e-07,2.2660518e-06
100,1,2.8566119996694903e-07,2.254808e-06
100,1,2.866851999669231e-07,2.2436475e-06
100,1,2.8770919996689714e-07,2.2325696e-06
100,1,2.887331999668712e-07,2.2215736e-06
100,1,2.8975719996684525e-07,2.2106587e-06
100,1,2.907811999668193e-07,2.1998244e-06
100,1,2.9180519996679337e-07,2.1890696e-06
100,1,2.928291999667674e-07,2.1783942e-06
100,1,2.938531999667415e-07,2.167797e-06
100,1,2.9487719996671553e-07,2.1572778e-06
100,1,2.959011999666896e-07,2.1468354e-06
100,1,2.9692519996666365e-07,2.1364697e-06
100,1,2.979491999666377e-07,2.1261797e-06
100,1,2.9897319996661176e-07,2.1159647e-06
100,1,2.999971999665858e-07,2.1058243e-06
100,1,3.0102119996655987e-07,2.095758e-06
100,1,3.0204519996653393e-07,2.0857647e-06
100,1,3.03069199966508e-07,2.0758441e-06
100,1,3.0409319996648204e-07,2.0659957e-06
100,1,3.051171999664561e-07,2.0562186e-06
100,1,3.0614119996643015e-07,2.0465125e-06
100,1,3.071651999664042e-07,2.0368766e-06
100,1,3.0818919996637826e-07,2.0273103e-06
100,1,3.092131999663523e-07,2.0178131e-06
100,1,3.102371999663264e-07,2.0083846e-06
100,1,3.1126119996630043e-07,1.9990239e-06
100,1,3.122851999662745e-07,1.9897307e-06
100,1,3.1330919996624854e-07,1.9805043e-06
100,1,3.143331999662226e-07,1.971344e-06
100,1,3.1535719996619666e-07,1.9622496e-06
100,1,3.163811999661707e-07,1.9532206e-06
100,1,3.1740519996614477e-07,1.944256e-06
100,1,3.184291999661188e-07,1.9353556e-06
100,1,3.194531999660929e-07,1.926519e-06
100,1,3.2047719996606694e-07,1.9177453e-06
100,1,3.21501199966041e-07,1.9090342e-06
100,1,3.2252519996601505e-07,1.9003852e-06
100,1,3.235491999659891e-07,1.8917978e-06
100,1,3.2457319996596316e-07,1.8832714e-06
100,1,3.255971999659372e-07,1.8748057e-06
100,1,3.2662119996591127e-07,1.8663999e-06
100,1,3.2764519996588533e-07,1.8580539e-06
100,1,3.286691999658594e-07,1.8497669e-06
100,1,3.2969319996583344e-07,1.8415386e-06
100,1,3.307171999658075e-07,1.8333685e-06
100,1,3.3174119996578155e-07,1.825256e-06
100,1,3.327651999657556e-07,1.8172009e-06
100,1,3.3378919996572967e-07,1.8092026e-06
100,1,3.348131999657037e-07,1.8012605e-06
100,1,3.358371999656778e-07,1.7933743e-06
100,1,3.3686119996565183e-07,1.7855436e-06
100,1,3.378851999656259e-07,1.7777679e-06
100,1,3.3890919996559995e-07,1.7700468e-06
100,1,3.39933199965574e-07,1.7623797e-06
100,1,3.4095719996554806e-07,1.7547665e-06
100,1,3.419811999655221e-07,1.7472064e-06
100,1,3.4300519996549617e-07,1.7396993e-06
100,1,3.440291999654702e-07,1.7322445e-06
100,1,3.450531999654443e-07,1.7248418e-06
100,1,3.4607719996541834e-07,1.7174908e-06
100,1,3.471011999653924e-07,1.710191e-06
100,1,3.4812519996536645e-07,1.702942e-06
100,1,3.491491999653405e-07,1.6957433e-06
100,1,3.5017319996531456e-07,1.6885947e-06
100,1,3.511971999652886e-07,1.6814957e-06
100,1,3.522211999652627e-07,1.674446e-06
100,1,3.5324519996523673e-07,1.6674452e-06
100,1,3.542691999652108e-07,1.6604929e-06
100,1,3.5529319996518484e-07,1.6535886e-06
100,1,3.563171999651589e-07,1.6467321e-06
100,1,3.5734119996513296e-07,1.639923e-06
100,1,3.58365199965107e-07,1.6331608e-06
100,1,3.5938919996508107e-07,1.6264453e-06
100,1,3.604131999650551e-07,1.6197761e-06
100,1,3.614371999650292e-07,1.6131528e-06
100,1,3.6246119996500324e-07,1.606575e-06
100,1,3.634851999649773e-07,1.6000425e-06
100,1,3.6450919996495135e-07,1.5935549e-06
100,1,3.655331999649254e-07,1.5871117e-06
100,1,3.6655719996489946e-07,1.5807128e-06
100,1,3.675811999648735e-07,1.5743577e-06
100,1,3.6860519996484757e-07,1.5680462e-06
100,1,3.6962919996482163e-07,1.5617778e-06
100,1,3.706531999647957e-07,1.5555522e-06
100,1,3.7167719996476974e-07,1.5493692e-06
100,1,3.727011999647438e-07,1.5432284e-06
100,1,3.7372519996471785e-07,1.5371296e-06
100,1,3.747491999646919e-07,1.5310723e-06
100,1,3.7577319996466596e-07,1.5250562e-06
100,1,3.7679719996464e-07,1.519081e-06
100,1,3.778211999646141e-07,1.5131466e-06
100,1,3.7884519996458813e-07,1.5072524e-06
100,1,3.798691999645622e-07,1.5013982e-06
100,1,3.8089319996453624e-07,1.4955838e-06
100,1,3.819171999645103e-07,1.4898088e-06
100,1,3.8294119996448436e-07,1.484073e-06
100,1,3.839651999644584e-07,1.4783759e-06
100,1,3.8498919996443247e-07,1.4727175e-06
100,1,3.860131999644065e-07,1.4670973e-06
100,1,3.870371999643806e-07,1.461515e-06
100,1,3.8806119996435464e-07,1.4559705e-06
100,1,3.890851999643287e-07,1.4504634e-06
100,1,3.9010919996430275e-07,1.4449934e-06
100,1,3.911331999642768e-07,1.4395603e-06
100,1,3.9215719996425086e-07,1.4341637e-06
100,1,3.931811999642249e-07,1.4288034e-06
100,1,3.94205199964199e-07,1.4234793e-06
100,1,3.9522919996417303e-07,1.4181909e-06
100,1,3.962531999641471e-07,1.412938e-06
100,1,3.9727719996412114e-07,1.4077203e-06
100,1,3.983011999640952e-07,1.4025377e-06
100,1,3.9932519996406925e-07,1.3973897e-06
100,1,4.003491999640433e-07,1.3922763e-06
100,1,4.0137319996401737e-07,1.387197e-06
100,1,4.023971999639914e-07,1.3821518e-06
100,1,4.034211999639655e-07,1.3771403e-06
100,1,4.0444519996393953e-07,1.3721623e-06
100,1,4.054691999639136e-07,1.3672175e-06
100,1,4.0649319996388765e-07,1.3623056e-06
100,1,4.075171999638617e-07,1.3574265e-06
100,1,4.0854119996383576e-07,1.3525801e-06
100,1,4.095651999638098e-07,1.3477658e-06
100,1,4.1058919996378387e-07,1.3429835e-06
100,1,4.1161319996375793e-07,1.3382331e-06
100,1,4.12637199963732e-07,1.3335142e-06
100,1,4.1366119996370604e-07,1.3288267e-06
100,1,4.146851999636801e-07,1.3241703e-06
100,1,4.1570919996365415e-07,1.3195448e-06
100,1,4.167331999636282e-07,1.31495e-06
100,1,4.1775719996360226e-07,1.3103856e-06
100,1,4.187811999635763e-07,1.3058516e-06
100,1,4.198051999635504e-07,1.3013474e-06
100,1,4.2082919996352443e-07,1.2968732e-06
100,1,4.218531999634985e-07,1.2924284e-06
100,1,4.2287719996347254e-07,1.2880131e-06
100,1,4.239011999634466e-07,1.2836268e-06
100,1,4.2492519996342066e-07,1.2792696e-06
100,1,4.259491999633947e-07,1.274941e-06
100,1,4.2697319996336877e-07,1.2706411e-06
100,1,4.279971999633428e-07,1.2663695e-06
100,1,4.290211999633169e-07,1.262126e-06
100,1,4.3004519996329094e-07,1.2579104e-06
100,1,4.31069199963265e-07,1.2537225e-06
100,1,4.3209319996323905e-07,1.2495623e-06
100,1,4.331171999632131e-07,1.2454293e-06
100,1,4.3414119996318716e-07,1.2413235e-06
100,1,4.351651999631612e-07,1.2372446e-06
100,1,4.3618919996313527e-07,1.2331925e-06
100,1,4.3721319996310933e-07,1.229167e-06
100,1,4.382371999630834e-07,1.2251678e-06
100,1,4.3926119996305744e-07,1.2211949e-06
100,1,4.402851999630315e-07,1.2172479e-06
100,1,4.4130919996300555e-07,1.2133269e-06
100,1,4.423331999629796e-07,1.2094314e-06
100,1,4.4335719996295367e-07,1.2055614e-06
100,1,4.443811999629277e-07,1.2017166e-06
100,1,4.454051999629018e-07,1.197897e-06
100,1,4.4642919996287583e-07,1.1941023e-06
100,1,4.474531999628499e-07,1.1903323e-06
100,1,4.4847719996282395e-07,1.186587e-06
100,1,4.49501199962798e-07,1.1828661e-06
100,1,4.5052519996277206e-07,1.1791693e-06
100,1,4.515491999627461e-07,1.1754968e-06
100,1,4.5257319996272017e-07,1.171848e-06
100,1,4.5359719996269423e-07,1.168223e-06
100,1,4.546211999626683e-07,1.1646216e-06
100,1,4.5564519996264234e-07,1.1610435e-06
100,1,4.566691999626164e-07,1.1574888e-06
100,1,4.5769319996259045e-07,1.153957e-06
100,1,4.587171999625645e-07,1.1504483e-06
100,1,4.5974119996253856e-07,1.1469622e-06
100,1,4.607651999625126e-07,1.1434987e-06
100,1,4.617891999624867e-07,1.1400577e-06
100,1,4.6281319996246073e-07,1.1366391e-06
100,1,4.638371999624348e-07,1.1332424e-06
100,1,4.6486119996240884e-07,1.1298679e-06
100,1,4.658851999623829e-07,1.1265151e-06
100,1,4.6690919996235696e-07,1.123184e-06
100,1,4.67933199962331e-07,1.1198745e-06
100,1,4.6895719996230507e-07,1.1165863e-06
100,1,4.699811999622791e-07,1.1133193e-06
100,1,4.710051999622532e-07,1.1100734e-06
100,1,4.7202919996222724e-07,1.1068485e-06
100,1,4.730531999622013e-07,1.1036443e-06
100,1,4.7407719996217535e-07,1.1004608e-06
100,1,4.751011999621494e-07,1.0972979e-06
100,1,4.7612519996212346e-07,1.0941553e-06
100,1,4.77149199962114e-07,1.0910329e-06
100,1,4.781731999621423e-07,1.0879306e-06
100,1,4.791971999621706e-07,1.0848483e-06
100,1,4.802211999621988e-07,1.0817859e-06
100,1,4.812451999622271e-07,1.078743e-06
100,1,4.822691999622554e-07,1.0757196e-06
100,1,4.832931999622836e-07,1.0727158e-06
100,1,4.843171999623119e-07,1.0697312e-06
100,1,4.853411999623402e-07,1.0667658e-06
100,1,4.863651999623684e-07,1.0638194e-06
100,1,4.873891999623967e-07,1.0608918e-06
100,1,4.88413199962425e-07,1.0579831e-06
100,1,4.894371999624532e-07,1.055093e-06
100,1,4.904611999624815e-07,1.0522214e-06
100,1,4.914851999625098e-07,1.049368e-06
100,1,4.92509199962538e-07,1.046533e-06
100,1,4.935331999625663e-07,1.0437162e-06
100,1,4.945571999625946e-07,1.0409174e-06
100,1,4.955811999626228e-07,1.0381364e-06
100,1,4.966051999626511e-07,1.0353732e-06
100,1,4.976291999626794e-07,1.0326277e-06
100,1,4.986531999627076e-07,1.0298996e-06
100,1,4.996771999627359e-07,1.027189e-06
100,1,5.007011999627642e-07,1.0244958e-06
100,1,5.017251999627924e-07,1.0218196e-06
100,1,5.027491999628207e-07,1.0191604e-06
100,1,5.03773199962849e-07,1.0165184e-06
100,1,5.047971999628772e-07,1.013893e-06
100,1,5.058211999629055e-07,1.0112844e-06
100,1,5.068451999629338e-07,1.0086925e-06
100,1,5.07869199962962e-07,1.0061169e-06
100,1,5.088931999629903e-07,1.0035578e-06
100,1,5.099171999630186e-07,1.001015e-06
100,1,5.109411999630468e-07,9.984883e-07
100,1,5.119651999630751e-07,9.959776e-07
100,1,5.129891999631034e-07,9.93483e-07
100,1,5.140131999631316e-07,9.910042e-07
100,1,5.150371999631599e-07,9.88541e-07
100,1,5.160611999631881e-07,9.860936e-07
100,1,5.170851999632164e-07,9.836616e-07
100,1,5.181091999632447e-07,9.812452e-07
100,1,5.19133199963273e-07,9.788439e-07
100,1,5.201571999633012e-07,9.76458e-07
100,1,5.211811999633295e-07,9.74087e-07
100,1,5.222051999633577e-07,9.717312e-07
100,1,5.23229199963386e-07,9.693903e-07
100,1,5.242531999634143e-07,9.670641e-07
100,1,5.252771999634425e-07,9.647528e-07
100,1,5.263011999634708e-07,9.624559e-07
100,1,5.273251999634991e-07,9.601737e-07
100,1,5.283491999635273e-07,9.579059e-07
100,1,5.293731999635556e-07,9.556524e-07
100,1,5.303971999635839e-07,9.53413e-07
100,1,5.314211999636121e-07,9.511879e-07
100,1,5.324451999636404e-07,9.489768e-07
100,1,5.334691999636687e-07,9.4677966e-07
100,1,5.344931999636969e-07,9.4459637e-07
100,1,5.355171999637252e-07,9.424269e-07
100,1,5.365411999637535e-07,9.4027104e-07
100,1,5.375651999637817e-07,9.3812884e-07
100,1,5.3858919996381e-07,9.360001e-07
100,1,5.396131999638383e-07,9.338848e-07
100,1,5.406371999638665e-07,9.317828e-07
100,1,5.416611999638948e-07,9.29694e-07
100,1,5.426851999639231e-07,9.276184e-07
100,1,5.437091999639513e-07,9.255558e-07
100,1,5.447331999639796e-07,9.235062e-07
100,1,5.457571999640079e-07,9.214695e-07
100,1,5.467811999640361e-07,9.1944565e-07
100,1,5.478051999640644e-07,9.174345e-07
100,1,5.488291999640927e-07,9.154359e-07
100,1,5.498531999641209e-07,9.134499e-07
100,1,5.508771999641492e-07,9.1147643e-07
100,1,5.519011999641775e-07,9.0951534e-07
100,1,5.529251999642057e-07,9.075665e-07
100,1,5.53949199964234e-07,9.056299e-07
100,1,5.549731999642623e-07,9.037055e-07
100,1,5.559971999642905e-07,9.017931e-07
100,1,5.570211999643188e-07,8.9989277e-07
100,1,5.580451999643471e-07,8.9800426e-07
100,1,5.590691999643753e-07,8.9612763e-07
100,1,5.600931999644036e-07,8.9426277e-07
100,1,5.611171999644319e-07,8.9240956e-07
100,1,5.621411999644601e-07,8.90568e-07
100,1,5.631651999644884e-07,8.8873793e-07
100,1,5.641891999645167e-07,8.8691934e-07
100,1,5.652131999645449e-07,8.851121e-07
100,1,5.662371999645732e-07,8.833162e-07
100,1,5.672611999646015e-07,8.815315e-07
100,1,5.682851999646297e-07,8.797579e-07
100,1,5.69309199964658e-07,8.779955e-07
100,1,5.703331999646863e-07,8.762441e-07
100,1,5.713571999647145e-07,8.7450354e-07
100,1,5.723811999647428e-07,8.7277397e-07
100,1,5.734051999647711e-07,8.7105514e-07
100,1,5.744291999647993e-07,8.6934705e-07
100,1,5.754531999648276e-07,8.676496e-07
100,1,5.764771999648559e-07,8.6596276e-07
100,1,5.775011999648841e-07,8.6428645e-07
100,1,5.785251999649124e-07,8.626206e-07
100,1,5.795491999649407e-07,8.609651e-07
100,1,5.805731999649689e-07,8.593199e-07
100,1,5.815971999649972e-07,8.5768505e-07
100,1,5.826211999650255e-07,8.560603e-07
100,1,5.836451999650537e-07,8.544457e-07
100,1,5.84669199965082e-07,8.528412e-07
100,1,5.856931999651102e-07,8.512466e-07
100,1,5.867171999651385e-07,8.49662e-07
100,1,5.877411999651668e-07,8.4808727e-07
100,1,5.88765199965195e-07,8.465223e-07
100,1,5.897891999652233e-07,8.449671e-07
100,1,5.908131999652516e-07,8.4342156e-07
100,1,5.918371999652798e-07,8.418856e-07
100,1,5.928611999653081e-07,8.4035923e-07
100,1,5.938851999653364e-07,8.388423e-07
100,1,5.949091999653646e-07,8.373348e-07
100,1,5.959331999653929e-07,8.358367e-07
100,1,5.969571999654212e-07,8.3434793e-07
100,1,5.979811999654494e-07,8.328684e-07
100,1,5.990051999654777e-07,8.3139804e-07
100,1,6.00029199965506e-07,8.2993677e-07
100,1,6.010531999655342e-07,8.284846e-07
100,1,6.020771999655625e-07,8.2704145e-07
100,1,6.031011999655908e-07,8.2560723e-07
100,1,6.04125199965619e-07,8.2418194e-07
100,1,6.051491999656473e-07,8.2276546e-07
100,1,6.061731999656756e-07,8.213578e-07
100,1,6.071971999657038e-07,8.199588e-07
100,1,6.082211999657321e-07,8.1856854e-07
100,1,6.092451999657604e-07,8.1718684e-07
100,1,6.102691999657886e-07,8.1581373e-07
100,1,6.112931999658169e-07,8.1444915e-07
100,1,6.123171999658452e-07,8.13093e-07
100,1,6.133411999658734e-07,8.117452e-07
100,1,6.143651999659017e-07,8.1040577e-07
100,1,6.1538919996593e-07,8.0907466e-07
100,1,6.164131999659582e-07,8.0775175e-07
100,1,6.174371999659865e-07,8.064371e-07
100,1,6.184611999660148e-07,8.0513047e-07
100,1,6.19485199966043e-07,8.03832e-07
100,1,6.205091999660713e-07,8.0254154e-07
100,1,6.215331999660996e-07,8.0125903e-07
100,1,6.225571999661278e-07,7.999845e-07
100,1,6.235811999661561e-07,7.9871785e-07
100,1,6.246051999661844e-07,7.97459e-07
100,1,6.256291999662126e-07,7.962079e-07
100,1,6.266531999662409e-07,7.9496454e-07
100,1,6.276771999662692e-07,7.937289e-07
100,1,6.287011999662974e-07,7.925008e-07
100,1,6.297251999663257e-07,7.912804e-07
100,1,6.30749199966354e-07,7.900675e-07
100,1,6.317731999663822e-07,7.8886205e-07
100,1,6.327971999664105e-07,7.87664e-07
100,1,6.338211999664388e-07,7.8647344e-07
100,1,6.34845199966467e-07,7.852902e-07
100,1,6.358691999664953e-07,7.841142e-07
100,1,6.368931999665236e-07,7.829455e-07
100,1,6.379171999665518e-07,7.8178397e-07
100,1,6.389411999665801e-07,7.8062965e-07
100,1,6.399651999666084e-07,7.794824e-07
100,1,6.409891999666366e-07,7.783422e-07
100,1,6.420131999666649e-07,7.772091e-07
100,1,6.430371999666932e-07,7.760829e-07
100,1,6.440611999667214e-07,7.749637e-07
100,1,6.450851999667497e-07,7.7385135e-07
100,1,6.46109199966778e-07,7.727459e-07
100,1,6.471331999668062e-07,7.7164725e-07
100,1,6.481571999668345e-07,7.705553e-07
100,1,6.491811999668628e-07,7.6947015e-07
100,1,6.50205199966891e-07,7.683916e-07
100,1,6.512291999669193e-07,7.673197e-07
100,1,6.522531999669476e-07,7.6625446e-07
100,1,6.532771999669758e-07,7.651957e-07
100,1,6.543011999670041e-07,7.6414346e-07
100,1,6.553251999670324e-07,7.630977e-07
100,1,6.563491999670606e-07,7.620584e-07
100,1,6.573731999670889e-07,7.610255e-07
100,1,6.583971999671171e-07,7.599989e-07
100,1,6.594211999671454e-07,7.589786e-07
100,1,6.604451999671737e-07,7.579646e-07
100,1,6.61469199967202e-07,7.569568e-07
100,1,6.624931999672302e-07,7.559552e-07
100,1,6.635171999672585e-07,7.549598e-07
100,1,6.645411999672867e-07,7.539705e-07
100,1,6.65565199967315e-07,7.529872e-07
100,1,6.665891999673433e-07,7.5201e-07
100,1,6.676131999673715e-07,7.510388e-07
100,1,6.686371999673998e-07,7.500735e-07
100,1,6.696611999674281e-07,7.491142e-07
100,1,6.706851999674563e-07,7.4816074e-07
100,1,6.717091999674846e-07,7.472131e-07
100,1,6.727331999675129e-07,7.462713e-07
100,1,6.737571999675411e-07,7.4533534e-07
100,1,6.747811999675694e-07,7.4440504e-07
100,1,6.758051999675977e-07,7.434805e-07
100,1,6.768291999676259e-07,7.425616e-07
100,1,6.778531999676542e-07,7.416483e-07
100,1,6.788771999676825e-07,7.407407e-07
100,1,6.799011999677107e-07,7.398386e-07
100,1,6.80925199967739e-07,7.38942e-07
100,1,6.819491999677673e-07,7.380509e-07
100,1,6.829731999677955e-07,7.3716524e-07
100,1,6.839971999678238e-07,7.362851e-07
100,1,6.850211999678521e-07,7.3541025e-07
100,1,6.860451999678803e-07,7.345408e-07
100,1,6.870691999679086e-07,7.3367664e-07
100,1,6.880931999679369e-07,7.328178e-07
100,1,6.891171999679651e-07,7.3196424e-07
100,1,6.901411999679934e-07,7.3111585e-07
100,1,6.911651999680217e-07,7.302727e-07
100,1,6.921891999680499e-07,7.294347e-07
100,1,6.932131999680782e-07,7.286018e-07
100,1,6.942371999681065e-07,7.27774e-07
100,1,6.952611999681347e-07,7.2695127e-07
100,1,6.96285199968163e-07,7.261336e-07
100,1,6.973091999681913e-07,7.253209e-07
100,1,6.983331999682195e-07,7.2451314e-07
100,1,6.993571999682478e-07,7.237104e-07
100,1,7.003811999682761e-07,7.229125e-07
100,1,7.014051999683043e-07,7.221195e-07
100,1,7.024291999683326e-07,7.2133133e-07
100,1,7.034531999683609e-07,7.2054803e-07
100,1,7.044771999683891e-07,7.1976945e-07
100,1,7.055011999684174e-07,7.1899564e-07
100,1,7.065251999684457e-07,7.182266e-07
100,1,7.075491999684739e-07,7.174622e-07
100,1,7.085731999685022e-07,7.167025e-07
100,1,7.095971999685305e-07,7.1594746e-07
100,1,7.106211999685587e-07,7.15197e-07
100,1,7.11645199968587e-07,7.144511e-07
100,1,7.126691999686153e-07,7.137098e-07
100,1,7.136931999686435e-07,7.12973e-07
100,1,7.147171999686718e-07,7.122407e-07
100,1,7.157411999687001e-07,7.115129e-07
100,1,7.167651999687283e-07,7.107895e-07
100,1,7.177891999687566e-07,7.1007054e-07
100,1,7.188131999687849e-07,7.0935596e-07
100,1,7.198371999688131e-07,7.086457e-07
100,1,7.208611999688414e-07,7.079398e-07
100,1,7.218851999688697e-07,7.0723826e-07
100,1,7.229091999688979e-07,7.065409e-07
100,1,7.239331999689262e-07,7.0584787e-07
100,1,7.249571999689545e-07,7.0515904e-07
100,1,7.259811999689827e-07,7.044744e-07
100,1,7.27005199969011e-07,7.0379394e-07
100,1,7.280291999690392e-07,7.031176e-07
100,1,7.290531999690675e-07,7.0244545e-07
100,1,7.300771999690958e-07,7.0177737e-07
100,1,7.31101199969124e-07,7.011133e-07
100,1,7.321251999691523e-07,7.0045337e-07
100,1,7.331491999691806e-07,6.997974e-07
100,1,7.341731999692088e-07,6.9914546e-07
100,1,7.351971999692371e-07,6.9849744e-07
100,1,7.362211999692654e-07,6.978534e-07
100,1,7.372451999692936e-07,6.972133e-07
100,1,7.382691999693219e-07,6.9657705e-07
100,1,7.392931999693502e-07,6.959447e-07
100,1,7.403171999693784e-07,6.953162e-07
100,1,7.413411999694067e-07,6.9469155e-07
100,1,7.42365199969435e-07,6.940707e-07
100,1,7.433891999694632e-07,6.934536e-07
100,1,7.444131999694915e-07,6.928403e-07
100,1,7.454371999695198e-07,6.922307e-07
100,1,7.46461199969548e-07,6.916248e-07
100,1,7.474851999695763e-07,6.910226e-07
100,1,7.485091999696046e-07,6.9042403e-07
100,1,7.495331999696328e-07,6.898291e-07
100,1,7.505571999696611e-07,6.892378e-07
100,1,7.515811999696894e-07,6.886502e-07
100,1,7.526051999697176e-07,6.8806605e-07
100,1,7.536291999697459e-07,6.874855e-07
100,1,7.546531999697742e-07,6.869085e-07
100,1,7.556771999698024e-07,6.8633494e-07
100,1,7.567011999698307e-07,6.857649e-07
100,1,7.57725199969859e-07,6.8519836e-07
100,1,7.587491999698872e-07,6.846352e-07
100,1,7.597731999699155e-07,6.8407553e-07
100,1,7.607971999699438e-07,6.835192e-07
100,1,7.61821199969972e-07,6.829663e-07
100,1,7.628451999700003e-07,6.824168e-07
100,1,7.638691999700286e-07,6.818705e-07
100,1,7.648931999700568e-07,6.8132766e-07
100,1,7.659171999700851e-07,6.8078805e-07
100,1,7.669411999701134e-07,6.8025173e-07
100,1,7.679651999701416e-07,6.7971865e-07
100,1,7.689891999701699e-07,6.791888e-07
100,1,7.700131999701982e-07,6.786622e-07
100,1,7.710371999702264e-07,6.781388e-07
100,1,7.720611999702547e-07,6.776186e-07
100,1,7.73085199970283e-07,6.771015e-07
100,1,7.741091999703112e-07,6.7658755e-07
100,1,7.751331999703395e-07,6.7607675e-07
100,1,7.761571999703678e-07,6.75569e-07
100,1,7.77181199970396e-07,6.750644e-07
100,1,7.782051999704243e-07,6.7456284e-07
100,1,7.792291999704526e-07,6.740643e-07
100,1,7.802531999704808e-07,6.735688e-07
100,1,7.812771999705091e-07,6.7307633e-07
100,1,7.823011999705374e-07,6.7258685e-07
100,1,7.833251999705656e-07,6.721003e-07
100,1,7.843491999705939e-07,6.716167e-07
100,1,7.853731999706222e-07,6.711361e-07
100,1,7.863971999706504e-07,6.706584e-07
100,1,7.874211999706787e-07,6.701835e-07
100,1,7.88445199970707e-07,6.697116e-07
100,1,7.894691999707352e-07,6.6924247e-07
100,1,7.904931999707635e-07,6.6877624e-07
100,1,7.915171999707918e-07,6.683128e-07
100,1,7.9254119997082e-07,6.678522e-07
100,1,7.935651999708483e-07,6.673944e-07
100,1,7.945891999708766e-07,6.6693934e-07
100,1,7.956131999709048e-07,6.664871e-07
100,1,7.966371999709331e-07,6.660375e-07
100,1,7.976611999709614e-07,6.6559073e-07
100,1,7.986851999709896e-07,6.651466e-07
100,1,7.997091999710179e-07,6.647052e-07
100,1,8.007331999710461e-07,6.6426645e-07
100,1,8.017571999710744e-07,6.638304e-07
100,1,8.027811999711027e-07,6.63397e-07
100,1,8.03805199971131e-07,6.6296616e-07
100,1,8.048291999711592e-07,6.6253796e-07
100,1,8.058531999711875e-07,6.6211237e-07
100,1,8.068771999712157e-07,6.6168934e-07
100,1,8.07901199971244e-07,6.6126887e-07
100,1,8.089251999712723e-07,6.6085096e-07
100,1,8.099491999713005e-07,6.6043555e-07
100,1,8.109731999713288e-07,6.600227e-07
100,1,8.119971999713571e-07,6.5961234e-07
100,1,8.130211999713853e-07,6.5920443e-07
100,1,8.140451999714136e-07,6.58799e-07
100,1,8.150691999714419e-07,6.5839606e-07
100,1,8.160931999714701e-07,6.5799554e-07
100,1,8.171171999714984e-07,6.5759747e-07
100,1,8.181411999715267e-07,6.572018e-07
100,1,8.191651999715549e-07,6.568085e-07
100,1,8.201891999715832e-07,6.5641757e-07
100,1,8.212131999716115e-07,6.5602904e-07
100,1,8.222371999716397e-07,6.5564285e-07
100,1,8.23261199971668e-07,6.55259e-07
100,1,8.242851999716963e-07,6.548775e-07
100,1,8.253091999717245e-07,6.5449825e-07
100,1,8.263331999717528e-07,6.541213e-07
100,1,8.273571999717811e-07,6.537467e-07
100,1,8.283811999718093e-07,6.5337434e-07
100,1,8.294051999718376e-07,6.530042e-07
100,1,8.304291999718659e-07,6.5263634e-07
100,1,8.314531999718941e-07,6.5227067e-07
100,1,8.324771999719224e-07,6.519072e-07
100,1,8.335011999719507e-07,6.51546e-07
100,1,8.345251999719789e-07,6.511869e-07
100,1,8.355491999720072e-07,6.5083003e-07
100,1,8.365731999720355e-07,6.504753e-07
100,1,8.375971999720637e-07,6.5012273e-07
100,1,8.38621199972092e-07,6.4977223e-07
100,1,8.396451999721203e-07,6.494239e-07
100,1,8.406691999721485e-07,6.4907766e-07
100,1,8.416931999721768e-07,6.4873353e-07
100,1,8.427171999722051e-07,6.483915e-07
100,1,8.437411999722333e-07,6.480515e-07
100,1,8.447651999722616e-07,6.477136e-07
100,1,8.457891999722899e-07,6.473777e-07
100,1,8.468131999723181e-07,6.4704386e-07
100,1,8.478371999723464e-07,6.46712e-07
100,1,8.488611999723747e-07,6.463822e-07
100,1,8.498851999724029e-07,6.4605433e-07
100,1,8.509091999724312e-07,6.457285e-07
100,1,8.519331999724595e-07,6.454046e-07
100,1,8.529571999724877e-07,6.4508265e-07
100,1,8.53981199972516e-07,6.447627e-07
100,1,8.550051999725443e-07,6.4444464e-07
100,1,8.560291999725725e-07,6.4412853e-07
100,1,8.570531999726008e-07,6.438143e-07
100,1,8.580771999726291e-07,6.4350195e-07
100,1,8.591011999726573e-07,6.431915e-07
100,1,8.601251999726856e-07,6.42883e-07
100,1,8.611491999727139e-07,6.425763e-07
100,1,8.621731999727421e-07,6.4227146e-07
100,1,8.631971999727704e-07,6.419684e-07
100,1,8.642211999727987e-07,6.4166727e-07
100,1,8.652451999728269e-07,6.4136793e-07
100,1,8.662691999728552e-07,6.410704e-07
100,1,8.672931999728835e-07,6.4077466e-07
100,1,8.683171999729117e-07,6.4048066e-07
100,1,8.6934119997294e-07,6.401885e-07
100,1,8.703651999729682e-07,6.398981e-07
100,1,8.713891999729965e-07,6.396094e-07
100,1,8.724131999730248e-07,6.393225e-07
100,1,8.73437199973053e-07,6.390373e-07
100,1,8.744611999730813e-07,6.387538e-07
100,1,8.754851999731096e-07,6.384721e-07
100,1,8.765091999731378e-07,6.3819203e-07
100,1,8.775331999731661e-07,6.379137e-07
100,1,8.785571999731944e-07,6.37637e-07
100,1,8.795811999732226e-07,6.3736195e-07
100,1,8.806051999732509e-07,6.3708865e-07
100,1,8.816291999732792e-07,6.3681694e-07
100,1,8.826531999733074e-07,6.365469e-07
100,1,8.836771999733357e-07,6.362784e-07
100,1,8.84701199973364e-07,6.3601163e-07
100,1,8.857251999733922e-07,6.357464e-07
100,1,8.867491999734205e-07,6.354828e-07
100,1,8.877731999734488e-07,6.352208e-07
100,1,8.88797199973477e-07,6.349604e-07
100,1,8.898211999735053e-07,6.347015e-07
100,1,8.908451999735336e-07,6.3444423e-07
100,1,8.918691999735618e-07,6.341885e-07
100,1,8.928931999735901e-07,6.339343e-07
100,1,8.939171999736184e-07,6.336816e-07
100,1,8.949411999736466e-07,6.3343043e-07
100,1,8.959651999736749e-07,6.3318083e-07
100,1,8.969891999737032e-07,6.329327e-07
100,1,8.980131999737314e-07,6.3268607e-07
100,1,8.990371999737597e-07,6.3244096e-07
100,1,9.00061199973788e-07,6.3219727e-07
100,1,9.010851999738162e-07,6.319551e-07
100,1,9.021091999738445e-07,6.317144e-07
100,1,9.031331999738728e-07,6.314751e-07
100,1,9.04157199973901e-07,6.3123724e-07
100,1,9.051811999739293e-07,6.310009e-07
100,1,9.062051999739576e-07,6.307659e-07
100,1,9.072291999739858e-07,6.305323e-07
100,1,9.082531999740141e-07,6.303002e-07
100,1,9.092771999740424e-07,6.3006945e-07
100,1,9.103011999740706e-07,6.298401e-07
100,1,9.113251999740989e-07,6.296121e-07
100,1,9.123491999741272e-07,6.293855e-07
100,1,9.133731999741554e-07,6.291603e-07
100,1,9.143971999741837e-07,6.289364e-07
100,1,9.15421199974212e-07,6.287139e-07
100,1,9.164451999742402e-07,6.284927e-07
100,1,9.174691999742685e-07,6.2827286e-07
100,1,9.184931999742968e-07,6.2805435e-07
100,1,9.19517199974325e-07,6.278371e-07
100,1,9.205411999743533e-07,6.276212e-07
100,1,9.215651999743816e-07,6.274066e-07
100,1,9.225891999744098e-07,6.2719334e-07
100,1,9.236131999744381e-07,6.269813e-07
100,1,9.246371999744664e-07,6.2677054e-07
100,1,9.256611999744946e-07,6.265611e-07
100,1,9.266851999745229e-07,6.263529e-07
100,1,9.277091999745512e-07,6.2614595e-07
100,1,9.287331999745794e-07,6.2594023e-07
100,1,9.297571999746077e-07,6.2573577e-07
100,1,9.30781199974636e-07,6.2553255e-07
100,1,9.318051999746642e-07,6.2533053e-07
100,1,9.328291999746925e-07,6.2512976e-07
100,1,9.338531999747208e-07,6.249302e-07
100,1,9.34877199974749e-07,6.247318e-07
100,1,9.359011999747773e-07,6.245346e-07
100,1,9.369251999748056e-07,6.243386e-07
100,1,9.379491999748338e-07,6.241438e-07
100,1,9.389731999748621e-07,6.2395014e-07
100,1,9.399971999748904e-07,6.2375767e-07
100,1,9.410211999749186e-07,6.2356634e-07
100,1,9.420451999749469e-07,6.233762e-07
100,1,9.430691999749751e-07,6.231872e-07
100,1,9.440931999750034e-07,6.229993e-07
100,1,9.451171999750317e-07,6.2281254e-07
100,1,9.4614119997506e-07,6.2262694e-07
100,1,9.471651999750882e-07,6.224424e-07
100,1,9.481891999751165e-07,6.2225905e-07
100,1,9.492131999751447e-07,6.2207675e-07
100,1,9.50237199975173e-07,6.2189554e-07
100,1,9.512611999752013e-07,6.2171546e-07
100,1,9.522851999752295e-07,6.2153646e-07
100,1,9.533091999752578e-07,6.2135854e-07
100,1,9.54333199975286e-07,6.2118164e-07
100,1,9.553571999753142e-07,6.210059e-07
100,1,9.563811999753425e-07,6.2083114e-07
100,1,9.574051999753708e-07,6.2065743e-07
100,1,9.58429199975399e-07,6.204848e-07
100,1,9.594531999754273e-07,6.203132e-07
100,1,9.604771999754556e-07,6.201426e-07
100,1,9.615011999754838e-07,6.199731e-07
100,1,9.62525199975512e-07,6.1980455e-07
100,1,9.635491999755404e-07,6.1963704e-07
100,1,9.645731999755686e-07,6.1947054e-07
100,1,9.65597199975597e-07,6.1930507e-07
100,1,9.666211999756252e-07,6.1914056e-07
100,1,9.676451999756534e-07,6.18977e-07
100,1,9.686691999756817e-07,6.188145e-07
100,1,9.6969319997571e-07,6.1865296e-07
100,1,9.707171999757382e-07,6.184924e-07
100,1,9.717411999757665e-07,6.183328e-07
100,1,9.727651999757948e-07,6.1817417e-07
100,1,9.73789199975823e-07,6.1801643e-07
100,1,9.748131999758513e-07,6.178597e-07
100,1,9.758371999758796e-07,6.177039e-07
100,1,9.768611999759078e-07,6.1754906e-07
100,1,9.77885199975936e-07,6.1739513e-07
100,1,9.789091999759644e-07,6.172421e-07
100,1,9.799331999759926e-07,6.1709005e-07
100,1,9.809571999760209e-07,6.1693885e-07
100,1,9.819811999760492e-07,6.167886e-07
100,1,9.830051999760774e-07,6.166393e-07
100,1,9.840291999761057e-07,6.164908e-07
100,1,9.85053199976134e-07,6.1634324e-07
100,1,9.860771999761622e-07,6.161966e-07
100,1,9.871011999761905e-07,6.160508e-07
100,1,9.881251999762188e-07,6.159059e-07
100,1,9.89149199976247e-07,6.1576185e-07
100,1,9.901731999762753e-07,6.1561866e-07
100,1,9.911971999763036e-07,6.154763e-07
100,1,9.922211999763318e-07,6.153349e-07
100,1,9.9324519997636e-07,6.1519427e-07
100,1,9.942691999763884e-07,6.1505455e-07
100,1,9.952931999764166e-07,6.149156e-07
100,1,9.963171999764449e-07,6.1477755e-07
100,1,9.973411999764732e-07,6.1464027e-07
100,1,9.983651999765014e-07,6.1450385e-07
100,1,9.993891999765297e-07,6.143683e-07
100,1,1.000413199976558e-06,6.1423344e-07
100,1,1.0014371999765862e-06,6.1409946e-07
100,1,1.0024611999766145e-06,6.1396634e-07
100,1,1.0034851999766427e-06,6.1383395e-07
100,1,1.004509199976671e-06,6.1370235e-07
100,1,1.0055331999766993e-06,6.1357156e-07
100,1,1.0065571999767275e-06,6.134416e-07
100,1,1.0075811999767558e-06,6.1331235e-07
100,1,1.008605199976784e-06,6.1318394e-07
100,1,1.0096291999768123e-06,6.130563e-07
100,1,1.0100191999768231e-06,6.1300784e-07
100,1,1.0100199999000012e-06,6.130077e-07
100,51,0.0,6.1512026e-07
100,51,1.0063107199787383e-09,6.1512026e-07
100,51,2.030310719978806e-09,6.1512026e-07
100,51,3.0543107199786967e-09,6.1512026e-07
100,51,4.078310719978734e-09,6.1512026e-07
100,51,5.102310719979048e-09,6.1512026e-07
100,51,6.126310719979362e-09,6.1512026e-07
100,51,7.150310719979676e-09,6.1512026e-07
100,51,8.174310719979392e-09,6.1512026e-07
100,51,9.198310719978859e-09,6.1512026e-07
100,51,1e-08,6.1512026e-07
100,51,1.0000999490259968e-08,1.7573497e-05
100,51,1.0001998980520934e-08,3.458553e-05
100,51,1.0007118664483662e-08,0.00012162069
100,51,1.0012238348446387e-08,0.00020628804
100,51,1.0031238348446377e-08,0.00046452184
100,51,1.0050238348446368e-08,0.0006194024
100,51,1.006423834844636e-08,0.0006834681
100,51,1.0078238348446353e-08,0.00072154024
100,51,1.0097738348446344e-08,0.00074986817
100,51,1.0117238348446333e-08,0.00076308276
100,51,1.0153738348446315e-08,0.00077195716
100,51,1.0190238348446295e-08,0.0007739769
100,51,1.020023834844629e-08,0.0007742903
100,51,1.0210238348446284e-08,0.00077334396
100,51,1.0211238348446284e-08,0.000772961
100,51,1.0706238348446026e-08,0.0006085879
100,51,1.1201238348445769e-08,0.0004856164
100,51,1.1235238348445751e-08,0.00047837943
100,51,1.1745261076215529e-08,0.0003846198
100,51,1.2255283803985307e-08,0.00031304237
100,51,1.2256283803985307e-08,0.00031291938
100,51,1.2767783803985041e-08,0.0002571817
100,51,1.3279283803984774e-08,0.00021323998
100,51,1.3280283803984774e-08,0.00021316348
100,51,1.3791783803984508e-08,0.00017803212
100,51,1.4303283803984241e-08,0.00014960807
100,51,1.4304283803984241e-08,0.00014955798
100,51,1.4815783803984326e-08,0.00012632411
100,51,1.5327283803984413e-08,0.000107165935
100,51,1.5328283803984414e-08,0.000107131884
100,51,1.5839783803984994e-08,9.121827e-05
100,51,1.6351283803985574e-08,7.791489e-05
100,51,1.6352283803985575e-08,7.78911e-05
100,51,1.6863783803986155e-08,6.671137e-05
100,51,1.7375283803986735e-08,5.7271893e-05
100,51,1.7376283803986737e-08,5.7254932e-05
100,51,1.7887783803987317e-08,4.925481e-05
100,51,1.8399283803987897e-08,4.2450716e-05
100,51,1.8400283803987898e-08,4.243845e-05
100,51,1.8911783803988478e-08,3.6635938e-05
100,51,1.9423283803989058e-08,3.1674484e-05
100,51,1.942428380398906e-08,3.1665517e-05
100,51,1.993578380398964e-08,2.7414982e-05
100,51,2.044728380399022e-08,2.3766172e-05
100,51,2.044828380399022e-08,2.3759567e-05
100,51,2.09597838039908e-08,2.0622963e-05
100,51,2.147128380399138e-08,1.7922488e-05
100,51,2.147228380399138e-08,1.7917593e-05
100,51,2.198378380399196e-08,1.5590333e-05
100,51,2.249528380399254e-08,1.3582281e-05
100,51,2.2496283803992542e-08,1.3578638e-05
100,51,2.3007783803993122e-08,1.18448415e-05
100,51,2.3519283803993702e-08,1.0346411e-05
100,51,2.3520283803993703e-08,1.0343689e-05
100,51,2.4031783803994283e-08,9.048084e-06
100,51,2.4543283803994863e-08,7.926989e-06
100,51,2.4544283803994865e-08,7.924952e-06
100,51,2.5568283803996026e-08,6.112615e-06
100,51,2.6592283803997187e-08,4.7524672e-06
100,51,2.7616283803998348e-08,3.730451e-06
100,51,2.864028380399951e-08,2.9618107e-06
100,51,2.9627283804000628e-08,2.4015033e-06
100,51,2.962783803985457e-08,2.4012297e-06
100,101,0.0,6.15359e-07
100,101,1.0063107199787383e-09,6.15359e-07
100,101,2.030310719978806e-09,6.15359e-07
100,101,3.0543107199786967e-09,6.15359e-07
100,101,4.078310719978734e-09,6.15359e-07
100,101,5.102310719979048e-09,6.15359e-07
100,101,6.126310719979362e-09,6.15359e-07
100,101,7.150310719979676e-09,6.15359e-07
100,101,8.174310719979392e-09,6.15359e-07
100,101,9.198310719978859e-09,6.15359e-07
100,101,1e-08,6.15359e-07
100,101,1.0000998991019071e-08,3.415893e-05
100,101,1.0001997982039141e-08,6.779998e-05
100,101,1.0007117356472511e-08,0.00023983243
100,101,1.0012236730905881e-08,0.00040690962
100,101,1.0030736730905873e-08,0.0009037351
100,101,1.0049236730905862e-08,0.0012047973
100,101,1.0063236730905855e-08,0.0013335025
100,101,1.0077236730905848e-08,0.0014096809
100,101,1.0096736730905838e-08,0.0014660496
100,101,1.0116236730905827e-08,0.0014921499
100,101,1.0153236730905808e-08,0.0015096231
100,101,1.0190236730905789e-08,0.0015134509
100,101,1.0211236730905778e-08,0.0015141233
100,101,1.1229295781161895e-08,0.0015146384
100,101,1.2253295781161362e-08,0.0015146384
100,101,1.327729578116083e-08,0.0015146384
100,101,1.4301295781160297e-08,0.0015146384
100,101,1.5325295781160467e-08,0.0015146384
100,101,1.6349295781161628e-08,0.0015146384
100,101,1.737329578116279e-08,0.0015146384
100,101,1.839729578116395e-08,0.0015146384
100,101,1.942129578116511e-08,0.0015146384
100,101,1.9920295781165677e-08,0.0015146384
100,101,1.992098000920061e-08,0.0015146384
100,151,0.0,6.1543966e-07
100,151,1.0063107199787383e-09,6.1543966e-07
100,151,2.030310719978806e-09,6.1543966e-07
100,151,3.0543107199786967e-09,6.1543966e-07
100,151,4.078310719978734e-09,6.1543966e-07
100,151,5.102310719979048e-09,6.1543966e-07
100,151,6.126310719979362e-09,6.1543966e-07
100,151,7.150310719979676e-09,6.1543966e-07
100,151,8.174310719979392e-09,6.1543966e-07
100,151,9.198310719978859e-09,6.1543966e-07
100,151,1e-08,6.1543966e-07
100,151,1.0000998492276662e-08,5.070648e-05
100,151,1.0001996984554324e-08,0.00010092934
100,151,1.0007116049767403e-08,0.00035762766
100,151,1.0012235114980482e-08,0.0006065031
100,151,1.0030735114980471e-08,0.0013433406
100,151,1.0049235114980463e-08,0.0017865124
100,151,1.0063735114980456e-08,0.0019797902
100,151,1.0078235114980448e-08,0.0020913307
100,151,1.0098235114980437e-08,0.002170967
100,151,1.0118235114980427e-08,0.0022067926
100,151,1.0158235114980406e-08,0.0022304978
100,151,1.0198235114980385e-08,0.002234951
100,151,1.0211235114980378e-08,0.002235432
100,151,1.1221112017847771e-08,0.0022361334
100,151,1.2245112017847238e-08,0.0022361334
100,151,1.3269112017846705e-08,0.0022361334
100,151,1.4293112017846172e-08,0.0022361334
100,151,1.5317112017846326e-08,0.0022361334
100,151,1.6341112017847487e-08,0.0022361334
100,151,1.6642112017847828e-08,0.0022361334
100,151,1.6642501479058017e-08,0.0022361334
100,201,0.0,6.1548025e-07
100,201,1.0063107199787383e-09,6.1548025e-07
100,201,2.030310719978806e-09,6.1548025e-07
100,201,3.0543107199786967e-09,6.1548025e-07
100,201,4.078310719978734e-09,6.1548025e-07
100,201,5.102310719979048e-09,6.1548025e-07
100,201,6.126310719979362e-09,6.1548025e-07
100,201,7.150310719979676e-09,6.1548025e-07
100,201,8.174310719979392e-09,6.1548025e-07
100,201,9.198310719978859e-09,6.1548025e-07
100,201,1e-08,6.1548025e-07
100,201,1.0000997994031995e-08,6.7216366e-05
100,201,1.0001995988064991e-08,0.00013397401
100,201,1.0007114744366378e-08,0.00047500848
100,201,1.0012233500667765e-08,0.0008050755
100,201,1.0030733500667755e-08,0.001778017
100,201,1.0049233500667746e-08,0.0023588212
100,201,1.006373350066774e-08,0.0026104231
100,201,1.0078233500667731e-08,0.0027547844
100,201,1.009873350066772e-08,0.0028588616
100,201,1.011923350066771e-08,0.002904356
100,201,1.0161733500667688e-08,0.0029338421
100,201,1.0204233500667665e-08,0.0029386708
100,201,1.0211233500667662e-08,0.00293895
100,201,1.1226837695516621e-08,0.0029398012
100,201,1.2250837695516088e-08,0.0029398012
100,201,1.3274837695515555e-08,0.0029398012
100,201,1.4298837695515022e-08,0.0029398012
100,201,1.4994837695514814e-08,0.0029398012
100,201,1.499510431842941e-08,0.0029398012
